DisplayName,GDP (US$) per capita,Ookla Avg Download Speed Mbits/s,Alcohol consumption (litres),Rate homicide victims per 100000 inhabitants,Military expenditures (% of GDP),Human development index,Democracy index,Level of tertiary education,Importance of religion,Christianity (%),Muslim (%),Buddhism (%),Jewish (%),under-five mortality rate (per 1000 live births),Age of criminal responsibility,Minimum wage (US$),Respect to external debt (% GDP),Income ratios and Gini indices (WB Gini),Health expenditure per capita (US$),Suicide rates,Fertility rate  in 2019 (births/woman),Tobacco consumption among people 15 years and older,Obesity rate (%),Internet users (%),Median age,Score of economic freedom,Oil production per capita,Population growth rate,Life expectancy,Meat consumption (kg/person),"Incarceration rate per 100,000",Literacy rate amoing the elderly (65+),Woman age at first marriage,Spending on education (% of GDP),"Homeless population per 10,000",Consumption of milk,Scientific papers and technical journal articles per capita,Books published,Food energy intake (kilocalories),Average yearly temperature (celcius)
Afghanistan,470,8.394408963778119,0.0,6.7,9.421431325989946,0.51,2.85,29.044250954122816,0.97,0.02,99.7,0.1,0.05528679016136806,60.3,7.0,866.0,7.0,28.229564586827458,186.0,6.0,4.32,19.123533610581127,5.5,0.11,19.5,51.5,0.0,2.41,63.2,2.1742253306913,87.0,20.3,15.0,4.1,-279.5042376880202,62.23,3.01,2795.0,2181.5344619104426,12.6
Albania,5303,45.25,8.0,2.3,9.03669323706984,0.8,6.08,33.529826221294854,0.5,17.0,58.8,0.1,-0.37566691762564375,9.7,14.0,3277.0,66.0,33.2,697.0,3.7,1.6,34.2,21.7,0.73,34.3,66.5,7901.0,0.13,78.0,38.2,164.0,86.9,24.0,4.0,53.880765992372176,303.72,62.44,390.0,2890.0,11.4
Algeria,3976,45.84814950707482,1.0,1.4,3.621336830890301,0.75,3.77,7.686549364017452,0.95,0.01,99.7,0.1,-1.8111349116054214,23.3,13.0,2010.0,2.0,27.6,963.0,2.6,2.99,22.4,27.4,0.62,28.9,46.2,33205.0,1.67,77.1,18.4,153.0,19.5,27.8,4.3,90.6978767176704,141.53,123.87,3955.0,3090.0,22.5
Angola,2671,83.73054030622916,6.0,4.8,-2.04517816872179,0.58,3.66,29.898966397234886,0.88,75.0,0.3,0.1,0.8065243407835112,74.7,14.0,764.0,41.0,51.3,165.0,12.6,5.44,21.044487603745587,8.2,0.14,15.9,50.6,61417.0,3.28,63.1,25.0,93.0,27.0,21.4,3.5,-15.098144828474915,12.3,0.97,22.0,1960.0,21.55
Argentina,10041,51.51,10.0,5.3,1.1203001365200145,0.85,6.95,12.107024508817972,0.65,77.0,0.9,0.1,1.1,9.3,16.0,8640.0,72.0,41.4,1990.0,8.1,2.25,46.2,28.3,0.76,32.4,52.2,11644.0,0.94,76.6,79.7,230.0,97.9,33.2,5.5,109.35456305789523,195.08,198.62,28010.0,3030.0,14.8
Armenia,4623,50.74668821991838,6.0,1.7,5.89133278590232,0.78,5.35,19.55616157724279,0.79,97.9,0.1,0.1,0.0,11.8,14.0,1698.0,102.0,34.4,1037.0,2.7,1.76,34.3,20.2,0.69,36.6,67.7,0.0,0.15,76.0,27.7,74.0,98.9,26.3,2.3,35.02612294474682,209.03,176.51,396.0,2260.0,7.15
Australia,54763,77.88,11.0,0.9,2.1,0.94,8.96,48.0,0.32,52.1,2.6,2.7,0.78,3.6,10.0,28734.0,130.0,34.4,5005.0,11.3,1.66,27.6,29.0,0.85,37.5,80.9,14040.0,1.3,83.0,108.2,160.0,75.11824197117309,30.5,5.3,49.1,234.49,2153.17,28234.0,3220.0,21.65
Austria,49701,117.31,12.0,1.0,2.73190458837152,0.92,8.16,39.0,0.55,60.0,8.0,0.2,0.06,3.5,14.0,16739.076277181433,165.0,29.7,5879.0,10.4,1.46,48.1,20.1,0.86,44.5,72.0,1742.0,0.24,81.6,94.1,95.0,106.5217550345848,30.3,5.5,25.4,258.09,1390.33,8056.0,3750.0,6.35
Azerbaijan,4782,48.52320299490589,1.0,2.2,7.345153576465461,0.76,2.68,0.4353807666578575,0.39,3.1,96.9,0.1,0.05,20.4,14.0,1765.0,22.0,26.6,634.0,4.0,1.8,28.1,19.9,0.78,32.6,65.4,85710.0,0.98,71.4,15.9,208.0,98.4,23.7,2.5,725.0,152.07,76.49,542.0,3020.0,11.95
Bahamas,34864,55.99,4.0,32.0,-0.37024713033598644,0.81,5.641133479203573,31.414561832961084,0.828969208092639,95.0,0.1,0.1,0.0,12.6,10.408382626457765,10920.0,194.0,48.302471685903114,2005.0,3.4,1.74,11.8,31.6,0.87,32.8,62.9,0.0,1.01,73.2,123.6,442.0,97.95293165524382,27.9,2.8,-33.970439204986064,104.76,51.86,39822.608314673045,2710.0,24.85
Bahrain,23504,58.53,2.0,0.5,-16.69019060279243,0.85,2.49,19.48205598840653,0.94,15.0,73.7,2.5,-8.806637532918593,6.9,10.796146514116675,8848.766164158027,66.0,41.6970513142024,1955.0,7.2,1.96,28.1,29.8,0.91,32.9,66.4,36000.0,4.26,75.8,70.7,234.0,42.3,26.3,2.3,-62.150969849989565,68.24635725512843,205.17,40.0,2507.2604208352986,27.15
Bangladesh,1846,36.02,0.0,2.4,3.3388996967009503,0.63,5.99,0.14686799993972954,1.0,0.4,90.4,0.5,0.2816513022524383,30.8,7.0,214.0,12.0,32.4,110.0,3.9,2.01,51.5,3.6,0.7,27.9,55.6,25.0,1.04,74.3,3.1,48.0,39.4,25.0,2.0,307.0,21.91,19.43,65779.84078050472,2270.0,25.0
Barbados,18149,105.71,10.0,9.8,3.121359872333372,0.81,5.672500520466377,-4.454793708674572,0.7645833869359752,74.0,1.5,0.1,-1.7895787791137074,12.7,14.967348790046179,6500.0,100.0,42.009983172792445,1204.0,0.3,1.62,10.5,23.1,0.82,39.5,64.7,3521.0,0.24,76.0,88.7,296.0,98.5,31.8,4.7,110.72856727864075,110.48,132.57,32809.312152467006,3020.0,26.0
Belarus,6674,68.73,11.0,2.4,1.0876255377092645,0.82,2.59,38.89286614506341,0.34,55.4,0.75,0.1,0.06,3.2,14.0,0.0,66.0,25.2,1132.0,16.5,1.38,37.3,24.5,0.75,40.9,57.9,2637.0,-0.15,74.8,58.6,345.0,98.6,25.3,4.8,32.180807635166616,133.73,124.83,8205.0,3150.0,6.15
Belgium,46198,107.12,12.0,1.7,3.5366386071123195,0.93,7.51,43.0,0.33,65.0,7.6,0.2,0.18,3.4,12.0,21845.0,269.0,27.4,5405.0,13.9,1.57,29.9,22.1,0.87,41.6,67.3,0.0,0.58,81.4,86.1,95.0,118.06149555199957,30.0,6.5,16.61940088510096,236.19,1366.29,13913.0,3690.0,9.55
Belize,4884,49.44,7.0,37.8,1.4140074459294965,0.72,5.691784864692234,35.46644493340085,0.62,76.7,0.2,0.5,-2.011226710478361,12.3,11.873437421399073,3861.0,75.0,53.3,506.0,7.7,2.27,17.135891983962665,24.1,0.46,23.9,55.4,5464.0,2.05,74.4,74.7,307.0,44.8,28.6,7.4,-37.82721737344605,80.3,23.49,-16800.439921062607,2710.0,25.3
Benin,1220,70.43427208761989,3.0,1.1,0.8461722731467031,0.55,4.58,32.16769163179234,0.93,42.8,27.7,0.1,5.621269240908838,90.3,12.585357337550997,819.0,26.0,47.8,83.0,12.7,4.77,17.1,9.6,0.14,17.0,55.3,0.0,2.73,63.4,16.2,70.0,7.0,18.7,4.0,23.9783196057017,8.4,19.85,84.0,2510.0,27.55
Bhutan,3361,130.90843772698815,1.0,1.2,7.722230593184851,0.65,5.71,56.476874096242796,1.013725555830653,1.0,0.2,74.7,-3.684197804572282,28.5,10.0,639.0,108.0,37.4,322.0,5.1,1.95,46.2367935857601,6.4,0.52,29.1,62.9,0.0,1.18,73.1,3.0,145.0,14.9,22.8,6.6,98.04438310606554,-1.9976388149634658,70.26,27717.792767929262,2141.618781304889,7.4
Bolivia,3552,-8.249553414258912,5.0,6.2,0.8686896595527432,0.72,5.08,9.336465525467872,0.89,89.0,0.1,0.1,0.0,26.0,14.0,4071.0,33.0,42.2,496.0,6.8,2.69,18.352992595224116,20.2,0.5568214582622324,25.3,42.3,5334.0,1.47,72.1,50.0,164.0,67.5,24.1,7.3,157.9397755108838,46.04,9.07,1578.0,2100.0,21.55
Bosnia and Herzegovina,6109,44.85,6.0,1.2,2.8726764947126866,0.78,4.84,19.58275127709564,0.77,45.94,50.7,-4.800098075655676,0.0,5.9,14.0,2789.0,23.0,33.0,1301.0,8.3,1.25,46.3,17.9,0.7,43.3,61.9,0.0,-0.22,76.8,21.4,147.0,86.0,27.1,4.021694337071526,20.0,174.03,211.8,22531.838770012964,3080.0,9.85
Botswana,7961,58.993393365230986,8.0,15.2,2.875586580579025,0.74,7.62,4.508778913632085,0.77,71.6,0.4,0.1,0.0,41.6,10.903724937977724,692.0,8.0,53.3,1089.0,20.2,2.84,32.1,18.9,0.42,25.7,69.5,0.0,1.79,62.2,27.3,208.0,40.7,26.4,7.8,53.36511242791698,117.74,124.66,158.0,2230.0,21.5
Brazil,8755,90.3,8.0,27.4,1.4,0.77,6.92,16.0,0.87,90.0,0.36,0.1,0.59,11.0,12.0,3625.0,38.0,53.9,1531.0,6.4,1.65,32.8,22.1,0.76,33.2,51.9,12113.0,0.75,75.9,82.4,357.0,74.3,30.0,6.2,10.0,149.28,287.15,46829.0,3120.0,24.95
Brunei,31086,107.59300092280091,0.0,0.5,4.899684054967062,0.84,4.710866259977051,7.8596016390709735,0.8357483107473613,7.1,80.9,8.6,-0.7136350541227046,11.4,11.602459328763858,7025.038783063857,0.0,32.74728100721583,1953.0,2.5,1.82,17.4,14.1,0.95,31.1,65.1,257959.0,1.25,74.3,28.745990371780337,186.0,61.6,25.1,4.4,-37.962748804076455,70.47,685.37,91.0,2980.0,26.85
Bulgaria,9703,78.84,13.0,1.3,3.514907037488385,0.82,6.71,32.96264944088361,0.34,85.0,13.4,0.1,0.01,6.7,14.0,4596.0,63.0,40.4,1634.0,6.5,1.58,49.6,25.0,0.64,43.7,69.0,140.0,-0.67,75.1,69.4,109.0,97.5,26.9,4.1,32.35958400285074,155.71,469.54,10068.0,2760.0,10.55
Burkina Faso,787,99.4631081364746,8.0,1.3,2.454835643917703,0.45,3.73,23.863192758266024,0.88,22.0,63.2,0.1,2.3460074194698777,87.5,11.486038487340082,710.0,26.0,35.3,112.0,14.4,5.11,29.9,5.6,0.15,17.9,59.4,0.0,2.87,62.7,11.2,37.0,8.4,17.9,4.2,335.0,29.79,12.76,12.0,2690.0,28.29
Burundi,260,53.201718884039565,8.0,6.1,0.8594820769546684,0.43,2.14,23.094734986729947,0.98,75.0,10.0,11.711575469654298,-0.25181005290928127,56.5,15.0,-1094.8407104814687,26.0,38.6,66.0,12.1,5.32,20.6,5.4,0.05,17.7,48.9,0.0,3.15,63.8,3.5,96.0,24.9,20.3,4.8,15.524818323153795,4.6,2.0,-43068.525332409896,1680.0,19.8
Cambodia,1644,72.42716824412594,7.0,1.8,4.162401385508313,0.59,3.1,56.76332990299167,0.96,1.0,2.0,97.9,-4.301862237963732,26.6,14.0,632.1930631357063,57.0,40.44048811424264,261.0,5.5,2.48,44.4,3.9,0.34,26.4,57.8,0.0,1.49,70.1,13.9,220.0,53.1,21.0,1.9,24.43667735571455,3.47,8.99,-26370.90709810549,2180.0,26.8
Cameroon,1534,64.7299434287628,9.0,1.4,1.740656659295679,0.56,2.77,23.365330756007268,0.96,70.7,30.0,0.1,2.2191876436768077,74.8,12.144421996593456,743.0,24.0,46.6,134.0,15.9,4.51,10.2,11.4,0.22,18.5,52.4,3983.0,2.56,62.4,14.4,124.0,26.1,19.0,3.1,389.0,15.27,34.74,-8119.137924905961,2240.0,24.6
Canada,46550,167.61,9.0,1.8,1.4,0.93,9.24,59.0,0.42,67.3,3.2,0.8,2.5,4.9,12.0,21477.0,143.0,33.8,5200.0,10.3,1.47,37.9,29.4,0.92,41.8,77.7,100931.0,0.9,82.2,108.1,104.0,113.73975765691321,29.6,5.5,10.0,187.77,1617.5,14625.0,3530.0,-5.35
Cape Verde,3604,63.9143693646231,6.0,6.8,0.7628332297695002,0.67,7.65,62.72411860617808,0.8213240152199783,89.1,2.0,-1.9695039969706087,-0.477208735878456,14.9,16.0,1584.0,99.0,47.2,400.0,15.2,2.24,37.44724459217048,11.8,0.57,26.8,63.1,0.0,1.25,74.0,26.3,296.0,36.8,21.5,5.2,52.14912590231677,115.64,16.55,-11461.411488937396,2530.0,23.3
Central African Republic,468,151.03763129310744,3.0,20.1,5.6664092536420645,0.4,1.32,-11.01319321300781,0.94,80.0,15.0,-0.5669722755671849,-1.2874093529345032,110.1,10.33739341013637,777.0,39.0,56.2,97.0,23.0,4.65,22.067371428182852,7.5,0.04,20.0,49.1,0.0,1.58,53.1,28.0,16.0,35.7,17.4,1.2,1421.0,13.53,4.29,24381.156525132268,1960.0,24.9
Chad,707,80.42366844379558,2.0,5.327956374444142,0.1885922382012697,0.4,1.55,23.19695929512315,0.95,35.0,58.0,0.1,3.370300688295295,113.8,11.386046026025339,1229.0,18.0,43.3,79.0,13.2,5.65,15.4,6.1,0.06,16.1,49.9,7393.0,3.01,59.6,14.3,59.0,7.0,16.0,2.9,209.0,20.63,0.97,-7533.155405201775,2010.0,26.55
Chile,14896,176.48,9.0,4.4,2.4856842776204635,0.85,8.28,27.0,0.7,68.0,0.1,0.1,0.12,7.0,14.0,5753.0,82.0,44.4,2306.0,8.0,1.63,53.4,28.0,0.79,35.5,75.4,247.0,0.78,80.7,66.4,210.0,89.9,32.6,5.4,7.4,116.11,380.26,5641.0,2960.0,8.45
China,10004,172.95,7.0,0.5,1.7,0.76,2.27,35.8,0.542047920459122,3.0,1.73,18.2,0.02,7.9,12.0,1945.0,29.0,38.5,935.0,6.7,1.7,29.2,6.2,0.71,38.4,58.4,2836.0,0.39,77.4,52.4,121.0,73.9,24.9,4.0,18.0,32.66,370.02,208418.0,2990.0,6.95
Colombia,6432,53.73,6.0,25.3,6.407886176509334,0.77,7.04,27.0,0.83,92.0,0.2,0.1,0.01,13.8,14.0,4022.0,57.0,50.4,1155.0,3.7,1.79,16.8,22.3,0.62,31.2,67.3,18452.0,0.81,79.3,33.9,194.0,81.4,22.3,4.5,971.0,108.47,144.88,17066.0,2690.0,24.5
Comoros,1370,41.74963092080657,1.0,-5.529242946898869,1.5460399301327565,0.55,3.09,23.644297630826827,0.97,2.1,98.3,2.9703814548331273,-4.629931357054907,62.9,13.038780116983194,1502.0,21.0,45.3,134.0,8.5,4.14,43.7,7.8,0.08,20.9,55.4,0.0,2.24,67.4,7.6,27.0,12.8,20.4,2.5,45.391014193376236,11.15,3.6,4789.519547292657,1840.0,25.55
Costa Rica,12238,47.93,5.0,11.3,3.2418444091163785,0.81,8.16,28.0,0.79,82.0,0.1,0.1,0.02,8.6,12.0,6496.0,43.0,48.0,1337.0,7.6,1.74,18.2,25.7,0.7,32.6,65.3,0.0,0.96,80.8,40.4,374.0,90.4,25.7,7.4,6.6,183.28,101.41,2158.0,2820.0,24.8
CÃ´te d'Ivoire,2276,49.33,8.0,-2.0168220825397327,-0.964380067704349,0.54,4.11,22.51356037527205,0.8760852081215266,32.8,42.9,0.1,12.735392571567308,79.3,11.962812740815515,750.0,24.0,41.5,176.0,15.7,4.59,20.4,10.3,0.43,23.07390169775828,62.4,1265.0,2.49,62.9,11.3,82.0,18.0,19.5,5.1,117.0,6.36,9.89,-18264.477105346967,2500.0,26.35
Croatia,14627,57.3,9.0,0.6,3.2217455178505228,0.85,6.5,20.98775195612646,0.7,90.1,1.5,0.1,0.01,4.8,14.0,6795.0,89.0,30.4,1876.0,11.0,1.47,34.9,24.4,0.68,43.9,61.4,3223.0,-0.58,78.6,49.9,84.0,97.1,28.1,4.6,7.0,231.02,1029.01,-13500.687576489247,2990.0,10.9
Cuba,9296,49.74761089828792,6.0,5.0,2.747175645339219,0.78,2.84,29.05276240665941,0.34,65.0,0.1,0.1,0.0,5.1,16.0,1050.0,34.0,38.794143854001334,2519.0,10.2,1.6,47.5,24.6,0.5,42.1,27.8,4357.0,0.06,77.8,32.2,510.0,99.2,21.3,12.9,0.0,99.94,85.46,992.0,3420.0,25.2
Cyprus,28285,50.46,11.0,1.3,-7.417014424003321,0.89,7.56,53.890824349304836,0.75,79.0,25.3,0.2,0.0,2.3,14.0,13654.323665530268,849.0,31.4,2625.0,3.2,1.32,42.5,21.8,0.8,37.9,68.1,0.0,0.78,83.1,131.3,86.0,93.8,29.0,6.4,241.33097819039733,113.31,1063.99,930.0,3190.0,18.45
Czech Republic,23452,85.89,14.0,0.6,3.576283931726521,0.9,7.67,31.0,0.21,34.0,0.15,0.1,0.03,3.2,15.0,7918.0,76.0,24.9,3041.0,9.5,1.71,34.8,26.0,0.78,43.3,73.7,220.0,0.06,79.1,77.3,179.0,82.11658590565631,29.8,5.6,22.0,195.2,1460.48,17330.0,3280.0,7.55
Democratic Republic of Congo,545,122.79406797560887,3.0,10.059769302706222,3.4558843700878565,0.48,1.13,11.700244148988503,0.94,80.60675763499206,10.0,0.1,0.0,84.8,14.0,265.0,13.0,42.1,31.0,12.4,5.82,17.386152806412724,6.7,0.08,16.7,50.3,254.0,3.22,62.4,4.8,29.0,48.0,19.0,1.5,595.0,41.170284620383484,1.77,64.0,2496.508757076013,24.0
Denmark,60657,210.71,10.0,1.0,2.9461943503087964,0.94,9.15,44.0,0.19,79.0,5.4,0.2,0.04,3.8,15.0,24849.892286041722,158.0,28.7,5794.0,7.6,1.7,37.6,19.7,0.94,42.0,76.7,24369.0,0.38,81.3,145.9,68.0,92.75083862494108,32.0,7.6,11.0,277.3,2430.23,13096.0,3410.0,7.5
Dominican Republic,8282,8.411413907144151,7.0,10.0,2.601732716833694,0.76,6.32,20.207452373887293,0.87,83.0,0.1,0.1,0.0,28.0,9.96397891708847,2915.0,36.0,43.7,1018.0,5.1,2.32,18.9,27.8,0.66,27.9,61.0,0.0,1.07,72.8,37.8,243.0,79.8,21.0,4.3,167.7772190495923,73.75,4.61,1866.0,2270.0,24.55
East Timor,1561,55.94952655992017,2.0,4.1,-3.865789179680829,0.61,7.06,39.03268410770477,0.844568066056297,99.1,0.1,1.813550533587561,-6.252389445436869,44.2,16.0,1380.0,12.0,28.7,353.0,4.5,3.95,54.4,3.8,0.28,19.6,44.2,47839.0,2.14,69.6,41.3,52.0,11.2,20.6,3.8,-4.500569203705368,10.96,11.04,-13801.579908619387,2020.0,25.25
Ecuador,6184,46.926391022468124,4.0,5.8,0.11597524214700689,0.76,6.13,41.22506213052276,0.82,94.0,0.1,0.1,0.0,14.0,12.0,5200.0,57.0,45.4,955.0,7.7,2.4,30.692855872325644,19.9,0.56,28.8,46.9,33470.0,1.42,78.4,45.0,224.0,77.7,21.8,5.0,65.76763696121805,139.6,125.38,2854.0,2300.0,21.85
Egypt,3161,39.66,0.0,2.6,8.586326016800083,0.71,2.93,-17.04404949881173,0.97,10.0,92.35,0.1,0.0,20.3,12.0,2985.803857157549,34.0,31.5,614.0,3.4,3.28,21.5,32.0,0.56,24.1,52.5,6860.0,1.87,71.8,22.5,116.0,43.2,25.0,3.8,1200.0,59.46,135.41,12000.0,3160.0,22.1
El Salvador,4187,16.174190345629313,4.0,52.0,9.235826809786001,0.67,5.9,54.16446399314867,0.6327362140792758,81.9,0.28,0.1,0.0,13.3,12.0,3650.0,56.0,38.6,592.0,6.1,2.02,19.1,24.6,0.31,27.7,61.8,0.0,0.52,75.0,21.4,572.0,65.7,22.5,3.8,14.490758360209952,124.34,7.01,661.0,2580.0,24.45
Estonia,23740,78.58,12.0,2.1,5.524196350852006,0.89,7.84,41.0,0.16,45.0,0.1,0.1,0.01,2.4,14.0,7626.0,89.0,30.4,2428.0,12.0,1.66,41.1,21.2,0.87,43.7,76.6,0.0,-0.23,78.9,67.4,173.0,99.7,29.0,5.2,15.2,284.85,1069.6,3916.0,3140.0,5.1
Eswatini,4002,93.40222706151053,10.0,11.6,3.02315574467878,0.61,3.08,10.317007184741556,0.8192875655973246,82.7,10.0,0.1,2.3484962579867563,49.4,7.0,694.0,14.0,54.6,696.0,40.5,2.96,12.3,16.5,0.37,23.7,54.7,0.0,1.75,57.7,34.2,278.0,45.2,26.5,7.1,10.99359271571359,56.6,29.92,16448.355930443446,2290.0,21.4
Ethiopia,828,130.68692786967608,3.0,8.8,2.8624744354075515,0.49,3.38,27.89349536516113,0.9485398405121899,75.0,31.3,0.1,0.0,50.7,9.0,-233.67448671837337,32.0,35.0,67.0,9.5,4.15,6.8,4.5,0.18,19.8,53.6,0.0,2.43,68.7,7.9,99.0,13.6,17.4,4.7,234.0,44.14,18.26,240.0,1950.0,22.2
Fiji,6185,45.972584720595705,3.0,12.501139276325482,5.104080600986711,0.74,5.72,11.066811691832243,0.8302505280210144,64.4,6.3,0.1,9.366929828789347,25.7,10.0,3096.0,18.0,36.7,372.0,9.5,2.75,32.7,30.2,0.51,29.9,62.2,0.0,0.72,68.0,39.1,274.0,47.31396807577015,27.7,3.9,-2.7173752599744603,40.2,158.46,401.0,3000.0,24.4
Finland,48678,119.32,11.0,1.6,7.284835565972631,0.94,9.2,41.0,0.28,69.8,1.8,0.1,0.01,2.4,15.0,19728.981521455273,223.0,27.4,4457.0,13.4,1.35,29.1,22.2,0.88,42.8,74.9,0.0,0.36,81.6,67.4,53.0,100.8287391935051,31.2,6.9,8.8,430.76,1919.21,9368.0,3220.0,1.7
France,40319,192.25,13.0,1.2,2.1,0.9,7.99,45.0,0.3,58.55,8.8,0.5,2.9,4.5,13.0,21786.0,230.0,31.6,5250.0,9.7,1.87,34.6,21.6,0.92,41.7,63.8,253.0,0.39,82.5,101.1,93.0,107.80675665014566,30.8,5.4,45.0,241.31,1020.95,106799.0,3530.0,10.7
Gabon,7773,73.56343897267254,12.0,7.38154085741035,-0.8736155698216432,0.7,3.54,38.80122292441723,0.7738500295451781,88.0,10.0,0.5605582718292972,1.9182331292257402,42.5,13.351251250552457,3072.0,35.0,38.0,491.0,13.1,3.92,22.85227861208721,15.0,0.49,21.0,56.3,106528.0,2.17,66.5,46.0,241.0,60.6,20.4,2.7,21.247901800277077,30.16,30.2,-258.1108313197474,2710.0,25.05
Gambia,776,38.59606648181955,4.0,-1.3186866754180642,-0.03531098594245746,0.5,4.49,12.055651226854422,0.9420754298856762,4.2,95.7,2.0997988798149283,-2.168593173231379,51.7,12.0,260.0,61.0,35.9,81.0,9.6,5.15,21.7,10.3,0.18,21.8,52.4,0.0,2.93,65.5,5.2,31.0,10.4,21.5,2.1,67.84142914949098,45.71,14.91,14.0,2330.0,27.5
Georgia,4439,165.75950624226334,10.0,2.2,8.426838665839533,0.81,5.31,13.668849019101543,0.81,88.6,10.7,2.29720581612915,0.01,9.6,14.0,106.0,128.0,36.4,796.0,7.7,2.06,34.4,21.7,0.86,38.6,75.9,102.0,-0.27,73.3,26.0,245.0,99.1,26.6,3.8,760.0,149.26,137.4,581.0,2730.0,5.8
Germany,46232,120.93,13.0,0.9,1.4,0.95,8.67,30.0,0.4,55.0,6.55,0.3,0.74,3.8,14.0,22214.0,165.0,31.9,6098.0,8.3,1.54,33.6,22.3,0.94,47.8,73.5,571.0,0.2,81.7,82.1,69.0,109.94848920640376,30.9,4.8,81.9,258.7,1255.9,79916.0,3540.0,8.4
Ghana,2203,51.93,3.0,2.1,1.118236638356984,0.61,6.5,16.907064240687134,0.95,71.2,17.6,0.1,5.833341376610527,46.2,13.315636339494606,482.0,30.0,43.5,168.0,10.5,3.82,6.5,10.9,0.14,21.4,57.5,3564.0,2.16,66.3,9.9,43.0,34.9,21.7,3.6,32.9,9.08,45.24,28.0,2900.0,27.2
Greece,19604,36.73,10.0,0.9,2.907708484542302,0.89,7.39,40.0,0.71,93.0,3.85,0.1,0.03,3.8,15.0,10389.0,298.0,34.4,2340.0,3.6,1.35,50.2,24.9,0.75,45.3,57.7,285.0,-0.21,81.1,78.7,107.0,92.5,29.9,4.1,37.1,255.26,1036.57,6826.0,3710.0,15.4
Guatemala,4363,56.825074455650565,2.0,22.5,1.6551843003927618,0.66,4.97,23.0814595403246,0.88,87.0,0.1,0.1,0.01,24.5,11.161291901517421,3941.0,28.0,48.3,483.0,6.2,2.82,26.161647104592035,21.2,0.4,23.2,62.6,544.0,1.94,72.0,23.8,139.0,50.7,21.3,2.8,315.0,46.6,5.8,1042.0,2150.0,23.45
Guinea,967,37.28261513953544,1.0,4.744004831572099,2.521383512493953,0.48,3.08,26.98439741239281,0.97,8.9,89.1,0.1,-0.21959451999568813,98.8,10.0,1567.029711144456,20.0,33.7,109.0,12.3,4.63,20.92715333863859,7.7,0.12,19.1,55.7,0.0,2.57,61.0,6.5,28.0,13.1,16.5,2.2,-9.500133429380071,20.62,2.26,-10628.778216195904,2550.0,25.7
Guinea Bissau,688,-9.936506644633255,5.0,1.1,0.8541005237674386,0.48,2.63,16.90525060239335,0.8813751574817466,10.0,45.1,11.704043998070823,1.3321808657398613,78.5,16.0,390.0,94.0,50.7,123.0,12.4,4.4,25.61547412435455,9.5,0.04,18.0,54.0,0.0,2.44,60.2,13.0,10.0,19.5,20.9,2.1,157.624103845935,19.88,8.0,-24523.337623675638,2270.0,26.75
Guyana,6610,45.37,6.0,14.2,3.8172706949502837,0.68,6.01,51.609906203535104,0.6250931816809788,64.0,7.3,0.1,7.432810201043129,29.3,10.048933133178222,2015.0,36.0,44.6,513.0,40.9,2.44,26.9,20.2,0.37,27.5,56.8,0.0,0.57,65.7,31.8,239.0,49.9,21.5,6.3,9.475785368443667,141.68,17.97,42.0,2740.0,26.0
Haiti,715,47.543403034753965,6.0,6.7,-1.95253716909636,0.51,4.22,1.723419034702971,0.85,96.0,0.1,0.1,-6.148714420500987,62.8,13.734051912746777,1075.0,24.0,41.1,144.0,11.2,2.89,12.4,22.7,0.12,24.1,52.7,0.0,1.2,64.1,15.3,97.0,8.5,23.7,2.5,34.0,18.98,2.61,-9586.282386180428,1850.0,24.9
Honduras,2575,116.19318429591488,4.0,38.9,8.79709088669593,0.63,5.36,-6.09098223037887,0.7599624466246272,88.0,0.3,0.1,-6.981942239935737,16.8,10.738375228675904,2372.0,38.0,52.1,362.0,2.6,2.43,28.030476122517072,21.4,0.31,24.4,60.2,0.0,1.63,71.9,24.7,237.0,66.3,21.2,6.0,1235.0,91.33,4.69,102.0,2610.0,23.5
Hungary,16879,193.8,11.0,2.5,3.0820776319176413,0.85,6.56,32.0,0.39,58.94,0.5,0.1,0.3,3.7,12.0,6647.0,160.0,30.6,2115.0,11.8,1.49,40.0,26.4,0.77,43.6,65.0,1426.0,-0.34,76.4,100.7,169.0,99.1,29.3,4.7,10.0,159.05,690.29,11645.0,3470.0,9.75
Iceland,71345,169.01377670867305,9.0,0.9,4.5150181411890555,0.95,9.37,40.0,0.4071083429122519,75.1,0.2,0.4,8.691597259527072,2.0,15.0,23948.02616934345,81.0,26.8,5113.0,11.2,1.75,30.3,21.9,0.98,37.1,77.1,0.0,0.77,82.3,84.8,33.0,90.3355442268981,32.7,7.5,10.3,225.82,2022.49,1767.0,3260.0,1.75
India,2116,55.76,6.0,3.1,2.9,0.65,6.61,13.791992423917861,0.9,2.3,14.6,0.8,0.03,34.3,7.0,709.0,20.2,37.8,275.0,12.9,2.2,48.9,3.9,0.62,28.7,55.2,554.0,1.1,70.8,5.2,35.0,45.4,22.2,3.1,15.0,84.5,100.39,90000.0,2360.0,23.65
Indonesia,4136,47.08352334992628,1.0,0.4,2.2834821361156,0.72,6.3,11.0,0.99,10.72,86.7,0.8,0.0,23.9,8.0,2477.0,37.0,39.0,375.0,2.6,2.29,41.8,6.9,0.79,31.1,65.8,3192.0,1.05,71.3,8.3,93.0,70.1,19.0,3.6,136.0,14.82,100.68,135081.0,2550.0,25.85
Iran,7282,50.35126054591399,1.0,2.5,2.1882525411292404,0.78,2.2,29.561571550321105,0.73,0.4,99.4,0.1,0.05,13.9,12.0,1275.0,2.0,40.8,1691.0,5.1,2.15,21.4,25.8,0.5790044826091963,31.7,51.1,49714.0,1.04,77.3,23.1,228.0,36.8,23.8,4.0,1.9,46.69,590.54,102691.0,3050.0,17.25
Iraq,5730,61.855778846015596,0.0,20.2,1.8056926254971808,0.67,3.62,11.968206021194504,0.84,3.0,95.7,0.1,-2.2812357232660787,25.9,9.0,2538.0,44.0,29.5,716.0,4.7,3.6,28.0,30.4,0.49,21.2,57.57293409345513,119664.0,2.78,72.4,38.41144435399301,126.0,20.4,25.3,3.5,304.0,22.18,158.01,1258.850165513948,2880.8792707522985,21.4
Ireland,81637,112.81,13.0,0.9,5.2252706907074,0.96,9.05,52.0,0.54,83.8,1.4,0.2,0.02,3.3,10.0,23395.0,701.0,32.8,5897.0,8.9,1.7,35.5,25.3,0.84,37.8,80.5,0.0,0.78,81.8,106.3,74.0,108.69943579193351,34.8,3.7,16.0,291.86,1488.79,51255.89083671128,3590.0,9.3
Israel,46376,147.36,4.0,1.5,5.6,0.92,7.84,46.0,0.51,3.5,18.0,0.3,40.0,3.7,12.0,17842.0,33.0,39.0,3207.0,5.2,3.01,31.3,26.1,0.81,30.4,72.8,47.0,1.55,82.6,97.1,234.0,79.8,25.0,5.8,29.0,193.6,1459.76,8411.0,3530.0,19.2
Italy,33090,90.93,8.0,0.6,1.6,0.89,7.74,25.0,0.72,83.0,4.8,0.2,0.17,3.1,14.0,12151.857787144938,141.0,35.9,3624.0,4.3,1.27,26.4,19.9,0.83,46.5,62.2,1189.0,-0.13,83.0,90.4,89.0,96.7,31.3,3.8,8.4,246.88,1175.05,61966.0,3650.0,13.45
Jamaica,5369,37.95,4.0,43.9,10.454354860995021,0.73,7.13,3.655315762528403,0.7,65.3,0.2,0.1,0.0,13.9,12.02392118814083,2730.0,122.0,45.5,559.0,2.3,1.97,19.3,24.7,0.48,29.4,68.6,0.0,0.29,76.0,56.8,137.0,66.6,33.2,5.4,81.69078234977428,91.13,55.88,4960.677087760552,2840.0,24.95
Japan,40063,167.18,8.0,0.3,1.0,0.92,8.13,60.0,0.24,2.3,0.1,36.2,0.01,2.5,14.0,15646.0,96.0,32.9,4504.0,12.2,1.36,33.3,4.3,0.92,48.6,72.1,30.0,-0.23,84.3,45.9,38.0,108.7011593514438,29.3,3.6,0.3,72.06,776.66,139078.0,2800.0,11.15
Jordan,4405,67.35,1.0,1.4,2.289293148587556,0.73,3.62,8.184609873335802,0.96,6.0,97.2,0.4,4.427854064525427,15.6,9.986228060802265,5408.0,83.0,33.7,738.0,2.0,2.69,28.461435768616745,35.5,0.65,23.5,66.5,0.0,2.17,77.9,29.8,198.0,87.7,23.8,3.6,0.0,77.68,263.61,511.0,3000.0,18.3
Kazakhstan,9793,56.12,8.0,5.1,6.061524477403714,0.83,3.14,48.90452663286143,0.53,26.2,70.2,0.2,0.02,10.5,14.0,887.0,91.0,27.5,784.0,18.1,2.9,33.2,21.0,0.76,31.6,65.4,88686.0,1.13,74.0,44.8,157.0,99.5,24.3,2.8,0.6,288.12,129.21,1226.0,3510.0,6.4
Kenya,1817,65.7909920385199,3.0,4.9,2.4185680099744293,0.6,5.05,4.4717167206613055,0.94,85.1,11.2,0.1,0.0,43.2,8.0,755.0,26.0,40.8,179.0,11.0,3.42,18.7,7.1,0.17,20.0,55.1,0.0,2.49,66.1,14.3,81.0,54.0,20.2,5.2,73.3,94.86,24.26,300.0,2030.0,24.75
Kuwait,31999,130.66,0.0,1.8,3.829156990894708,0.81,3.8,3.02291065053754,0.91,15.0,74.6,2.8,1.4907017491747254,7.9,7.0,2372.0,51.0,30.0357144155213,3669.0,2.7,2.08,26.3,37.9,0.98,29.7,60.8,721575.0,1.78,81.0,60.2,117.0,69.5,27.5,3.8,-57.256948588466,157.66,242.67,196.0,3030.0,25.35
Kyrgyzstan,1318,48.12,6.0,2.2,7.571694922985603,0.7,4.21,29.443750563433014,0.72,14.2,85.0,0.1,0.0,18.3,14.0,196.0,112.0,27.7,260.0,8.3,3.3,31.7,16.6,0.37,27.3,62.3,169.0,1.44,74.2,39.0,161.0,92.5,21.8,6.1,81.66165362995446,210.92,21.73,1455.0,2660.0,1.55
Laos,2625,43.98,10.0,-9.18202295457592,3.7468337437731702,0.61,1.77,38.99416600975985,0.97,2.2,0.1,66.1,-3.176258301725234,45.5,15.0,1869.0,53.0,36.4,167.0,6.0,2.63,61.1,5.3,0.25,24.0,57.4,0.0,1.45,68.5,15.0,130.0,58.6,20.5,2.9,71.98053692216638,2.92,12.32,88.0,2240.0,22.8
Latvia,17885,128.69,13.0,4.4,4.4594070116667135,0.87,7.24,40.0,0.39,75.0,0.15,0.1,0.03,3.6,14.0,6853.0,126.0,35.6,1896.0,16.1,1.61,40.5,23.6,0.82,44.4,70.4,0.0,-1.03,75.4,45.7,175.0,99.9,28.2,4.7,35.3,174.11,735.3,2910.0,2990.0,5.6
Lebanon,7784,40.34380153121231,2.0,2.5,3.222834152394183,0.74,4.16,16.00535574569841,0.87,39.5,57.7,0.2,1.1811122451912546,7.2,13.114453780466794,5212.0,63.0,31.8,1086.0,2.8,2.08,44.1,32.0,0.69,33.7,51.1,0.0,0.57,76.4,63.1,205.0,60.2,28.8,2.5,70.0973390771037,114.52,258.91,3686.0,3090.0,16.4
Lesotho,1158,90.08332313317112,5.0,43.6,-5.556508703978001,0.53,6.3,67.26940235036122,0.5439763557210391,90.0,0.1,0.1,5.595085248112664,86.4,5.365090181317914,978.0,53.0,44.9,309.0,87.5,3.11,23.5,16.6,0.32,24.7,53.1,0.0,1.31,50.7,15.4,92.0,51.4,20.9,6.5,35.328000908014246,25.35,9.01,-33491.60444075385,2460.0,11.85
Liberia,523,-54.01870708886901,6.0,3.3,10.972621006702262,0.48,5.32,18.626558644734843,0.94,85.5,20.0,0.1,22.064475398571915,84.6,1.3279272860863465,774.0,51.0,35.3,12643.0,7.4,4.25,14.2,9.9,0.08,18.0,49.7,0.0,2.52,64.1,7.9,54.0,32.8,18.9,2.3,46.5453322439331,3.04,5.19,251433.71805307642,2200.0,25.3
Libya,4810,86.51119374593577,0.0,-0.4486965213728382,3.3654797049840055,0.72,1.95,-4.250840944759517,0.8706311610966309,2.7,97.0,0.3,-5.208740738848469,11.5,14.0,3863.0,9.0,35.4580475007628,339.83793266277826,4.5,2.21,37.764946534581924,32.5,0.21,25.8,53.28716855302488,159383.0,1.33,75.8,28.6,139.0,24.2,29.2,2.3,405.0,75.0,24.26,26.0,3150.0,21.8
Lithuania,19795,132.67,15.0,4.6,6.638941111210089,0.88,7.13,55.0,0.42,83.7,0.1,0.1,0.02,3.7,14.0,8054.0,74.0,37.3,2313.0,20.2,1.61,36.3,26.3,0.8,44.5,74.2,689.0,-0.55,76.0,49.5,216.0,99.8,27.3,4.0,14.1,295.46,809.28,3075.0,3430.0,6.2
Luxembourg,115481,154.26,13.0,0.3,3.434149195578707,0.92,8.68,50.0,0.39,72.4,2.3,0.1,0.0,2.8,18.0,28438.0,22.1,34.9,6048.0,8.6,1.34,29.5,22.6,0.95,39.5,75.9,0.0,1.27,82.4,141.7,83.0,110.33988366989573,31.1,4.0,37.5,255.3,1438.16,2000.0,3680.0,8.65
Madagascar,523,41.4,2.0,0.7717491514288852,-1.301008009614826,0.53,5.7,37.602598523360285,0.93,85.0,10.0,0.1,0.0,50.6,10.594718657099419,397.0,41.0,42.6,79.0,9.2,4.03,44.0,5.3,0.1,20.3,56.6,0.0,2.67,65.3,17.6,102.0,49.4,18.4,2.8,-174.71446986659055,24.84,4.84,119.0,2130.0,22.65
Malawi,435,38.52241288991138,4.0,1.8,0.16440732960516932,0.48,5.74,26.072602766409545,0.99,81.95,20.0,0.1,1.1790493618768814,41.6,12.9384400100291,288.0,39.0,44.7,120.0,10.6,4.13,25.8,5.8,0.14,16.8,51.4,0.0,2.87,65.6,5.1,71.0,35.1,17.9,4.0,74.6876017880395,7.98,12.73,117.0,2150.0,21.9
Malaysia,11414,103.34,1.0,2.1,5.035087669575359,0.81,7.19,26.549324107333348,0.96,9.2,61.3,19.8,2.7261169138525574,8.6,10.0,2663.0,68.0,41.0,1194.0,5.8,1.98,28.9,15.6,0.8,29.2,74.0,21202.0,1.35,74.7,50.9,212.0,47.1,25.7,4.7,20.362794662790407,25.28,750.48,15354.0,2890.0,25.4
Maldives,10626,115.2867136371616,3.0,0.7,-0.024052451850324508,0.74,5.0297914054617685,17.4686024382886,0.7236814110542733,0.08,100.0,0.6,-12.309197415930917,7.6,13.449905799559419,4385.121668092259,23.0,31.3,1443.0,2.8,1.84,51.71172969435408,8.6,0.54,29.5,53.2,0.0,1.85,79.6,16.6,499.0,92.8,21.6,4.1,22.823917353055663,111.47,13.57,35025.91351201901,2550.0,27.65
Mali,887,99.5723625325976,1.0,5.63016933687409,3.0355056162674625,0.43,3.93,13.501090151999335,0.95,2.4,95.0,0.1,5.105850286577262,94.0,11.378133245627351,583.0,26.0,33.0,90.0,8.0,5.79,13.0,8.6,0.12,16.1,58.1,0.0,2.99,62.8,19.0,33.0,13.6,16.7,3.1,164.0,98.68,4.72,14.0,2590.0,28.25
Malta,33752,134.48,8.0,1.6,0.16991327345569812,0.9,7.68,47.83477034151389,0.86,91.6,2.6,0.1,0.0,7.0,9.302793619672235,10668.0,691.0,29.2,3897.0,5.3,1.1,33.9,28.9,0.79,42.3,68.6,0.0,0.31,81.9,86.9,153.0,85.8,29.2,5.3,9.690945692633818,190.06,960.73,404.0,3600.0,19.2
Mauritania,1678,67.2525368474029,0.0,10.039860966365211,5.008486290589989,0.55,3.92,21.267636413574678,0.98,0.14,99.9,2.011643706253663,0.15387311532208514,72.9,7.0,981.0,76.0,32.6,190.0,5.5,4.5,22.165453189849735,12.7,0.21,21.0,55.7,0.0,2.69,68.4,29.9,53.0,26.6,19.0,2.6,-8.495585896248599,160.82,4.54,10057.97786530324,2810.0,27.65
Mauritius,11169,62.22078179221148,4.0,2.9,-8.117775648342345,0.8,8.14,73.45800077189875,0.9473926083348505,32.2,17.3,0.1,-7.780672055147587,16.0,10.508344810398276,2983.0,2007.0,36.8,1381.0,8.8,1.4,35.9,10.8,0.56,36.3,73.0,0.0,0.23,74.1,39.6,218.0,64.6,25.4,4.8,318.52318917110836,117.27,106.79,80.0,2930.0,22.4
Mexico,9849,48.35,7.0,29.1,-0.030315298582291095,0.78,6.07,21.0,0.73,88.9,0.01,0.1,0.25,14.2,12.0,3266.0,43.0,45.4,1066.0,5.3,2.1,24.1,28.9,0.69,29.3,64.7,17142.0,1.23,76.0,58.6,166.0,78.9,26.0,4.9,35.4,111.87,129.53,7521.0,3260.0,21.0
Moldova,2957,114.01,15.0,4.1,5.045410117430307,0.75,5.78,10.755560717889836,0.72,95.3,0.4,0.47552524132458274,0.01,14.4,14.0,1895.0,70.0,25.7,480.0,12.2,1.27,24.5,18.9,0.76,37.7,59.1,0.0,-0.24,73.3,22.7,182.0,95.8,25.8,6.7,187.25700327312643,155.18,51.83,-28393.4687022043,2850.0,9.45
Mongolia,4295,43.67,7.0,6.2,-3.5410547423357657,0.74,6.48,40.934464079521945,0.570642848538054,1.3,5.0,55.1,-2.4286647829227803,15.6,14.0,1892.0,245.0,32.7,519.0,18.0,2.87,38.5,20.6,0.23,29.8,55.4,7739.0,1.5,68.1,108.8,154.0,94.6,26.0,4.1,123.5506395910121,139.82,44.48,285.0,2240.0,-0.7
Montenegro,8825,64.44,8.0,2.2,6.612306060703728,0.83,5.77,26.269977237001314,0.71,78.8,19.1,0.1,-2.1632731427381096,2.3,14.0,2645.0,151.0,39.0,1711.0,16.2,1.75,33.50784600529548,23.3,0.8,39.6,60.5,0.0,0.04,75.9,43.698950105677255,172.0,93.9,28.6,4.797612319952629,80.91389649667269,349.21,398.21,-4188.148513296903,2700.0,10.55
Morocco,3282,75.59273139104971,1.0,1.4,6.036073510810033,0.69,5.04,16.226623575152303,0.97,1.0,99.0,0.1,0.01,21.4,12.0,3736.0,46.0,39.5,467.0,7.3,2.38,23.4,26.1,0.61,29.1,62.9,4.0,1.26,73.0,20.6,238.0,34.1,25.5,5.4,62.72123794432082,54.68,140.36,3677.0,3260.0,17.1
Mozambique,504,22.53539728896442,2.0,3.5,0.4485954941048912,0.46,3.51,25.610469097941575,0.86,56.1,17.9,0.1,1.6884643050554118,74.2,16.0,576.0,72.0,54.0,118.0,23.2,4.78,27.8,7.2,0.21,17.0,48.6,0.0,2.86,58.1,5.6,63.0,26.0,17.5,6.5,246.0,4.79,4.71,-34823.685436787135,2070.0,23.8
Myanmar,1421,129.48804794304056,5.0,2.3,5.311354347512441,0.58,3.04,39.52064486032489,0.97,6.2,4.3,89.9,-3.1748622816512757,44.7,7.0,672.0,17.0,30.7,292.0,3.0,2.14,63.3,8.440650761515116,0.31,29.2,53.6,284.0,0.9,69.1,10.7,171.0,58.2,20.5,2.2,93.7,31.48,4.3,3660.0,1824.8334640728976,13.05
Namibia,4957,73.2507929709725,10.0,17.7,4.8120039771426,0.65,6.52,-0.9748812816463044,0.92,90.0,0.4,0.1,0.0,42.4,13.717301360745736,2552.6533277208873,64.0,59.1,883.0,13.5,3.34,27.0,17.2,0.38,21.8,58.7,0.0,2.12,64.6,34.0,295.0,56.7,29.2,8.4,77.67974093555608,73.05,63.72,106.0,2360.0,19.95
Nepal,1074,74.36597989489314,2.0,2.3,3.314149320548623,0.6,5.22,36.587335836479355,0.93,0.9,4.2,10.3,1.8929416947856161,30.8,10.0,1430.0,16.0,32.8,180.0,9.8,1.88,64.2,4.1,0.36,25.3,53.8,0.0,1.09,70.9,10.0,86.0,20.8,17.9,5.2,135.08386605585758,52.1,28.19,72093.76109902642,2340.0,8.1
Netherlands,53053,152.94,9.0,0.6,5.9108656949227285,0.94,8.96,45.0,0.33,40.4,5.1,0.2,0.19,4.0,12.0,23315.0,453.0,28.5,5635.0,9.3,1.57,32.2,20.4,0.93,42.8,76.8,1070.0,0.29,81.8,89.3,63.0,100.37644556650037,30.9,5.5,21.0,341.47,1785.33,16502.0,3000.0,9.25
New Zealand,43264,153.88,11.0,0.7,0.3703866470679453,0.93,9.25,39.0,0.33,37.0,0.9,1.6,0.05,4.7,10.0,27407.0,90.0,30.896842226476153,4024.0,10.3,1.72,29.6,30.8,0.9,37.2,84.4,7633.0,0.93,82.0,142.1,188.0,92.54894273626938,29.4,6.4,86.0,137.25,1663.25,3600.0,2810.0,10.55
Nicaragua,1913,40.50416275229088,5.0,7.2,3.8373365635975163,0.66,3.6,43.59237970584198,0.7,84.6,0.1,0.1,-0.960561864706996,16.6,13.0,1599.0,83.0,46.2,474.0,4.7,2.38,27.35562466542106,23.7,0.27,27.3,57.7,0.0,1.07,75.0,14.9,332.0,49.2,20.6,4.3,35.989954021600965,85.16,6.81,27.0,2420.0,24.9
Niger,555,66.67274069906534,1.0,4.4,4.208084899922163,0.39,3.29,26.891530599904883,1.0,0.5,98.3,-2.1304352112889475,7.948339764243601,80.4,10.558700021390123,615.0,36.0,34.3,78.0,10.1,6.82,7.9,5.5,0.1,14.8,51.6,631.0,3.81,63.3,11.2,47.0,13.7,15.7,3.5,12.029065984427803,58.92,2.45,1451.5918941988348,2390.0,27.15
Nigeria,2361,184.1536238997877,13.0,34.5,7.869399703730039,0.54,4.1,-8.186837843681985,0.96,49.0,53.5,0.1,0.0,117.2,7.0,1108.0,2.0,35.1,233.0,6.9,5.32,7.3,8.9,0.7,18.6,57.3,10752.0,2.58,62.6,8.6,32.0,21.6,19.3,2.718967761684957,1658.0,7.91,28.6,1314.0,2710.0,26.8
North Macedonia,6093,37.2,8.905992893397876,1.2,3.2980546250949754,0.77,5.89,24.465838038987187,0.76,70.7,33.3,0.1,0.0,6.1,14.0,2293.0,73.0,34.2,1073.0,7.2,1.49,33.035567695802655,22.4,0.76,39.0,71.1,0.0,0.08,74.8,35.4,105.0,77.3156389505282,26.0,3.3,83.33887686872959,157.93,236.68,2698.0661747272607,2770.0507194859397,9.8
Norway,74986,159.99,8.0,0.5,3.4437806938098334,0.96,9.81,48.0,0.22,76.7,3.2,0.6,0.01,2.4,15.0,23095.284584220564,181.0,27.0,6818.0,11.8,1.53,43.0,23.1,0.96,39.5,73.0,313661.0,0.94,82.6,61.7,49.0,83.37380739378224,31.9,8.0,7.0,261.34,2211.14,10204.0,3450.0,1.5
Oman,15343,57.53,1.0,0.3,-3.4837840101682063,0.81,3.0,-4.134740490476332,1.0,6.5,86.0,0.8,-9.230014141482513,11.4,9.0,10143.0,35.0,39.42055616226676,1730.0,4.5,2.84,9.5,27.0,0.77,26.2,61.0,217178.0,4.08,73.9,49.8,45.0,41.9,24.8,6.8,-79.46936815344162,152.28,177.25,7.0,2605.4197441556885,25.6
Pakistan,1187,88.11460409114557,0.0,3.9,9.23803961742406,0.56,4.31,-8.216379457379617,0.92,1.6,96.5,0.1,-6.152354275883518,67.2,7.0,1539.0,43.0,33.5,178.0,0.6,3.45,41.5,8.6,0.56,22.0,55.0,400.0,1.91,65.6,12.3,38.0,27.1,18.3,2.9,943.0,183.13,60.8,3811.0,2280.0,20.2
Panama,15728,125.25,8.0,9.4,0.35424534159710186,0.82,7.18,59.99905957546167,0.88,92.0,0.7,0.2,0.06,14.9,12.0,3819.0,157.0,49.2,1857.0,2.9,2.44,16.9,22.7,0.57,30.1,67.2,0.0,1.55,79.3,54.5,420.0,80.9,21.6,4.1,-39.28623275310258,70.29,41.42,940.0,2450.0,25.4
Papua New Guinea,2845,42.19176386414529,1.0,14.508609655610726,1.136971140906039,0.56,6.1,13.605476826515428,1.05804184037077,97.0,0.1,0.1,-1.7085330003920198,44.8,7.0,2161.0,111.0,41.9,101.0,3.6,3.52,20.655605873318287,21.3,0.11,24.0,58.4,7013.0,2.01,65.3,73.0,62.0,33.0,21.4,3.1887559815608393,46.74180572978878,27.108318806280295,7.44,122.0,2348.5699887587166,25.25
Paraguay,5406,56.89,7.0,7.1,-0.2549387512135385,0.73,6.18,44.132171297677786,0.92,96.0,0.1,0.1,0.01,19.4,14.0,4402.0,54.0,46.2,935.0,6.2,2.41,29.8,20.3,0.6,29.7,61.8,0.0,1.25,75.8,70.3,241.0,77.8,22.7,3.4,27.44229165102115,75.72,14.09,1007.0,2660.0,23.55
Peru,6978,51.81,6.0,7.9,3.236269812222871,0.78,6.53,45.91616262962057,0.84,87.0,0.1,0.2,0.01,13.2,14.0,3344.0,44.0,42.8,767.0,2.7,2.23,33.9,19.7,0.49,29.1,67.8,1267.0,1.2,79.9,34.5,290.0,77.7,23.5,3.9,223.0,62.15,50.96,4101.0,2410.0,19.6
Philippines,3324,49.31,7.0,6.5,2.2444886569069302,0.72,6.56,3.985649083399437,0.96,85.0,8.0,0.1,0.0,27.3,15.0,2696.0,27.0,44.4,394.0,2.5,2.53,35.3,6.4,0.69,24.1,63.8,193.0,1.51,70.4,31.1,200.0,90.1,25.3,2.7,424.0,15.66,20.98,1507.0,2580.0,25.85
Poland,15727,130.98,12.0,0.7,3.1459767494010595,0.88,6.85,43.0,0.75,94.3,0.02,0.1,0.03,4.4,15.0,9408.0,60.0,29.7,2015.0,9.3,1.42,40.8,23.1,0.92,41.9,67.8,525.0,-0.17,78.3,78.1,181.0,93.0,27.0,4.6,8.0,205.39,940.44,21130.0,3410.0,7.85
Portugal,23350,150.39,12.0,0.8,2.9305177381266962,0.86,7.9,33.0,0.72,84.3,0.4,0.6,0.0,3.7,16.0,9594.0,203.0,33.8,3242.0,7.2,1.42,25.3,20.8,0.74,44.6,65.3,0.0,-0.39,81.6,91.1,111.0,80.5,31.0,4.9,3.0,205.04,1393.79,7868.0,3580.0,15.15
Qatar,64782,105.2,2.0,0.4,-3.5423562239355157,0.85,3.24,16.777820148236458,0.95,13.8,77.5,3.1,-0.13353093967391771,6.5,7.0,11118.162885534017,83.0,37.587457308231855,3166.0,4.7,1.85,15.6,35.1,0.91,33.7,72.6,500000.0,2.36,77.2,90.5,53.0,41.0,25.4,2.9,-67.87372532183099,107.39782451345445,540.32,209.0,2959.865512940124,27.15
Republic of Congo,2304,22.000902792586885,8.0,3.025482821735473,0.945843068630277,0.57,3.11,2.378387106153042,0.95,89.89304328803337,2.0,0.1,4.543905520458935,47.8,13.902409703777378,1843.0,55.0,48.9,125.0,11.6,4.37,11.2,9.6,0.09,19.5,39.7,60168.0,2.59,64.7,13.3,27.0,73.1,21.0,4.6,210.89047373242,10.69,12.78,-12284.516210770962,2570.0,24.55
Romania,12914,214.33,13.0,1.3,5.894885940327796,0.83,6.4,30.600014413813938,0.84,98.0,0.65,0.1,0.06,7.0,14.0,6513.0,58.0,36.0,1576.0,7.3,1.76,42.0,22.5,0.64,42.5,68.6,25469.0,-0.5,75.6,54.5,116.0,96.8,26.7,3.1,7.0,238.33,530.35,14984.0,3490.0,8.8
Russia,11606,87.01,12.0,8.2,4.3,0.82,3.31,58.0,0.34,61.8,12.5,0.1,1.0,5.8,14.0,2371.0,32.0,37.5,1488.0,21.6,1.5,34.2,23.1,0.85,40.3,58.9,73292.0,0.01,73.2,51.0,328.0,99.2,24.9,3.7,4.0,163.57,559.78,115171.0,3320.0,-5.1
Rwanda,820,134.995717459219,9.0,2.6,3.3723448174000503,0.54,3.1,65.98143398011462,0.95,93.6,4.8,8.917137176021717,5.604507807495665,34.3,14.0,-2590.9090813272123,29.0,43.7,170.0,9.5,3.99,20.2,5.8,0.22,19.7,71.1,0.0,2.36,69.1,4.4,511.0,24.3,20.6,3.1,-139.20911021024716,7.23,13.82,13760.31580385044,2090.0,17.85
Sao Tome and Principe,1961,52.060121758632135,7.0,3.3,5.130200881982646,0.63,4.5012394365087545,36.06176402631223,0.9603478002106569,78.76360475786554,3.0,-8.434325470548849,4.983228861933,29.8,16.0,824.338959615885,67.0,56.3,214.0,2.2,4.27,6.4,12.4,0.29,19.3,54.0,0.0,2.18,70.4,9.6,116.0,49.6,18.8,4.9,237.611506587127,22.58,4.74,39212.63601967236,2660.0,23.75
Saudi Arabia,23140,90.24,0.0,1.3,8.4,0.85,2.08,26.0,0.93,5.0,98.2,0.3,-21.637006175463966,6.6,12.0,9600.0,31.0,13.795622131779872,3520.0,5.4,2.28,17.2,35.4,0.8,30.8,60.7,324866.0,1.9,74.3,44.6,207.0,51.4,20.4,5.6,-90.0085839819888,83.65,323.36,2387.0,3120.0,24.65
Senegal,1452,35.32,1.0,0.3,2.3937783040082303,0.51,5.67,26.996650742746368,0.96,4.2,96.1,0.3,4.465922549660377,45.3,13.0,649.0,42.0,40.3,146.0,11.0,4.56,14.7,8.8,0.3,19.4,56.3,0.0,2.77,68.6,17.7,68.0,21.5,19.9,4.8,-4.819784861902463,16.86,24.47,-16486.245616257824,2280.0,27.85
Serbia,7359,77.88,11.0,1.2,1.7284809225907056,0.81,6.22,22.48678607506949,0.54,91.0,3.1,0.1,0.01,5.3,14.0,3410.0,62.0,36.2,1485.0,7.9,1.52,45.9,21.5,0.7,43.4,63.9,2272.0,-0.34,75.9,57.16637931277645,158.0,96.6,28.1,4.0,28.5,148.53,652.98,11897.0,2700.0,10.55
Seychelles,17382,57.35799586369694,14.0,12.5,0.9992102049437319,0.8,5.44679478435299,42.45980035136381,0.7740443779776871,94.7,1.1,0.1,-0.8208132607028631,14.2,13.09647752840704,3957.0,180.0,46.8,1549.0,7.7,2.34,25.7,14.0,0.57,36.8,61.4,0.0,0.5,73.3,51.1,324.0,71.5,25.2,4.4,3.89193914303155,79.23,102.99,-12561.666599902099,2400.0,27.15
Sierra Leone,528,5.0052633631351,6.0,1.7,-0.8782812947772567,0.45,4.86,18.869699337713655,0.9066357004023435,15.45,78.6,0.3,-5.87486869507088,109.2,14.0,666.0,36.0,35.7,257.0,11.3,4.17,37.0,8.7,0.13,19.1,47.5,0.0,2.12,60.8,6.1,60.0,3.7,17.1,4.6,173.74412326681067,7.0,5.36,-55510.38579631679,2120.0,26.05
Singapore,64103,245.5,3.0,0.2,3.1485604243065013,0.94,6.03,68.10642726266059,0.7,18.0,15.6,33.9,0.01,2.5,10.0,23475.717873448775,471.0,41.50095200133296,4439.0,9.7,1.14,16.6,6.1,0.84,35.6,89.4,0.0,1.4,83.2,71.1,185.0,84.0,27.9,2.9,36.18811924286592,53.39641365471829,1990.27,12000.0,3078.0276655539174,26.45
Slovakia,19256,101.28,12.0,1.1,-1.8150590897275336,0.86,6.97,31.0,0.47,80.0,0.15,0.1,0.02,5.8,14.0,8410.0,112.0,25.2,2180.0,9.3,1.56,32.1,20.5,0.82,41.8,65.0,37.0,0.04,78.2,67.4,190.0,94.08379199786013,28.1,3.9,3.5403010064383125,143.14,975.97,9400.0,2900.0,6.8
Slovenia,26062,108.47,13.0,0.5,2.886849204115244,0.92,7.54,41.0,0.47,68.0,3.6,0.1,0.0,2.1,14.0,12153.0,104.0,24.2,3158.0,14.0,1.61,25.3,20.2,0.79,44.9,65.5,0.0,0.07,81.3,88.0,53.0,99.3,29.0,4.8,18.3,235.01,1542.95,-4902.976099433457,3220.0,8.9
South Africa,6001,43.91,9.0,36.4,0.4202766720070381,0.71,7.05,14.0,0.85,79.8,1.9,0.2,0.43,34.5,12.0,3239.0,57.0,63.0,1129.0,23.5,2.38,38.1,28.3,0.55,28.0,58.3,35.0,1.2,65.3,39.0,248.0,72.1,29.0,6.2,36.0,55.75,225.1,5418.0,3000.0,17.75
South Korea,32143,241.58,10.0,0.6,2.8,0.92,8.01,69.0,0.43,27.6,0.1,22.9,0.0,3.2,14.0,18695.0,33.0,31.6,3214.0,21.2,0.86,35.0,4.7,0.97,43.2,72.3,0.0,0.36,83.3,48.0,105.0,103.0970790993064,30.4,5.1,2.0,29.05,1297.12,63476.0,3040.0,11.5
Spain,29816,186.4,10.0,0.6,1.1827236876064586,0.9,8.12,41.0,0.49,59.2,2.6,0.1,0.07,3.1,14.0,15187.0,170.0,34.7,3576.0,5.3,1.24,37.5,23.8,0.91,43.9,65.7,57.0,0.03,83.2,118.6,122.0,94.7,32.3,4.2,6.4,164.29,1167.99,89962.0,3260.0,13.3
Sri Lanka,3940,132.32408638296783,4.0,2.4,6.927301045197856,0.78,6.14,42.88134198947799,1.0,7.5,9.7,69.3,4.1372878660399195,7.1,8.0,671.0,68.0,39.8,517.0,12.9,2.19,28.3,5.2,0.34,33.7,56.4,0.0,0.35,76.9,6.6,135.0,81.0,23.8,2.8,7.953693988262103,34.98,63.5,4115.0,2370.0,26.95
Sudan,815,89.04213816977517,1.0,5.1,6.512603353629955,0.51,2.54,0.9804358717978516,0.93,1.5,97.0,0.1,-4.259981013341651,58.4,12.0,84.0,121.0,35.4,293.0,4.8,4.35,33.05412368239308,6.6,0.3,18.3,47.7,21567.261922343103,2.38,69.1,21.0,52.0,24.3,22.7,2.2,623.0,155.2,9.52,15983.679134215126,2280.0,26.9
Suriname,6360,91.41667570039999,5.0,5.4,-1.0827763120929073,0.74,6.82,-0.2530842441315144,0.7076617956063466,50.0,14.3,0.6,0.0,18.0,14.282063919632781,4196.910874972586,30.0,57.6,1180.0,25.9,2.39,43.36595373640883,26.4,0.48,31.0,48.1,30465.0,0.87,71.5,40.3,183.0,76.0,29.3,5.572066552892171,163.0049698282196,48.97,29.51,47.0,2460.0,25.7
Sweden,52896,169.0,9.0,1.1,5.9682315553750644,0.95,9.26,46.0,0.17,64.3,8.1,0.4,0.1,2.6,15.0,22250.485760765558,169.0,28.8,5828.0,12.4,1.7,52.7,20.6,0.96,41.1,75.2,0.0,0.72,82.4,76.1,68.0,98.66822160246774,33.5,7.7,36.0,341.23,2047.91,4074.0,3110.0,2.1
Switzerland,85135,188.69,12.0,0.6,6.0540416146562075,0.96,8.83,49.0,0.41,68.0,5.2,0.4,0.12,4.0,10.0,28302.944547770996,285.0,32.7,8114.0,9.8,1.48,28.5,19.5,0.93,42.7,81.9,0.0,0.83,83.4,72.9,80.0,102.74943390797301,30.1,5.1,6.0,318.69,2507.62,12156.0,3450.0,5.5
Syria,1194,313.89028834968235,0.0,0.9,26.179893087655156,0.57,1.43,-76.12881534832994,0.89,10.0,87.0,-3.38790596412926,0.0,21.5,10.0,96.0,24.0,35.8,-231.6676887449221,2.1,2.77,33.35738001336735,27.8,0.37,23.5,58.71058163065543,1627.0,0.2,72.7,21.2,60.0,39.0,26.3,5.1,3753.0,111.43,16.23,1138.0,3040.0,17.75
Tajikistan,894,40.462954871680495,3.0,1.6,4.964949929957579,0.67,1.94,-4.18424357757425,0.85,1.4,97.9,0.1,-2.468515308108312,33.8,14.0,315.0,38.0,34.0,250.0,5.3,3.56,26.536441574486126,14.2,0.22,25.3,55.6,20.0,2.06,69.5,8.7,121.0,98.1,22.5,5.2,116.37746657382752,54.54,6.81,132.0,2190.0,2.0
Tanzania,1084,68.32940237102173,9.0,6.5,2.547815019863995,0.53,5.1,24.313405913479244,0.89,61.4,35.2,0.1,2.4213913578862147,50.3,7.0,209.0,34.0,40.5,112.0,8.2,4.83,23.6,8.4,0.16,18.2,60.2,0.0,3.06,67.3,10.0,59.0,43.5,18.9,3.4,39.203824129626355,40.29,10.71,172.0,2020.0,22.35
Thailand,7785,206.81,8.0,2.6,8.043323174209316,0.78,6.04,68.01595565458723,0.97,1.2,5.4,93.2,0.0,9.0,7.0,3316.0,33.0,36.4,723.0,8.0,1.51,31.8,10.0,0.53,39.0,68.3,3667.0,0.22,77.7,27.9,449.0,78.7,21.0,4.1,0.4,29.35,181.72,6750.0,2540.0,26.3
Togo,899,80.11326527388314,3.0,6.532764195363811,0.6086696452817013,0.52,2.8,1.75478000137727,0.8,29.0,20.0,0.1,1.9822022054144028,66.9,12.399799754535586,717.0,26.0,43.1,109.0,14.8,4.26,12.2,8.4,0.12,20.0,50.3,0.0,2.45,64.3,8.5,67.0,20.4,22.3,5.0,211.0,7.96,10.9,-3851.2700470324635,2150.0,27.15
Trinidad and Tobago,16637,79.89,8.0,30.6,2.4791087357519244,0.8,7.16,17.567644181154265,0.92,57.6,5.8,0.3,1.5990699053213184,17.5,9.484698137231055,4619.0,76.0,40.3,2100.0,8.3,1.71,23.8731989008284,18.6,0.76,37.8,57.0,44054.0,0.26,76.1,57.8,292.0,82.8,29.2,3.1,21.160035468492197,103.8,151.82,25616.915383074673,2700.0,25.75
Tunisia,3318,56.70137165880965,2.0,3.1,4.027787259672587,0.74,6.59,3.9027215388682066,0.93,0.1,99.8,0.1,0.01,16.9,13.0,1902.0,97.0,32.8,912.0,3.2,2.17,39.7,26.9,0.55,32.7,55.4,4275.0,1.09,77.0,25.5,194.0,39.8,28.7,6.6,104.82014647805306,114.47,481.19,720.0,3330.0,19.2
Turkey,9127,37.696793259521996,2.0,2.6,6.233813248403624,0.82,4.48,28.0,0.82,0.2,89.5,0.1,0.09,10.0,12.0,7288.0,63.0,41.9,1171.0,2.3,2.06,35.4,32.1,0.75,32.2,64.6,622.0,1.37,78.6,19.3,335.0,88.1,24.8,4.4,8.5,193.94,407.29,75667.0,3500.0,9.9
Turkmenistan,8124,52.97132736534593,5.0,4.2,2.0053488805072472,0.72,1.72,15.625229378613483,0.8,9.0,93.7,0.1,0.0,42.0,14.0,1834.0,1.0,40.8,1275.0,6.1,2.74,33.30151040944601,18.6,0.21,29.2,48.4,42549.0,1.61,69.7,41.7,552.0,97.6,23.3,3.0,-21.131332085524946,137.09,0.68,450.0,2740.0,15.1
Uganda,737,45.37206501468495,10.0,10.5,2.343794291737397,0.54,4.94,47.5142569968927,0.93,88.6,14.0,0.1,2.607610036667019,45.8,12.0,417.0,24.0,42.8,139.0,10.4,4.82,25.2,5.3,0.24,15.7,59.7,0.0,3.23,66.7,11.7,124.0,36.1,18.2,2.6,143.0,37.27,15.75,288.0,2220.0,22.8
Ukraine,3496,67.52,9.0,6.2,3.5153245351595888,0.78,5.81,29.424363036792585,0.46,81.9,1.7,0.1,0.3,8.4,14.0,2786.0,81.0,26.1,683.0,17.7,1.23,38.8,24.1,0.67,41.2,52.3,720.0,-0.49,73.0,32.3,148.0,100.0,25.0,5.4,168.0,145.03,234.6,24416.0,3290.0,8.3
United Arab Emirates,43103,151.09,4.0,0.5,0.22973128178315252,0.89,2.7,23.123123841693257,0.91,9.0,76.0,2.0,-5.430823416980406,7.5,7.0,8250.1078552537,59.0,32.5,3173.0,5.2,1.39,21.8,31.7,0.93,38.4,77.1,335103.0,1.39,76.1,74.4,104.0,42.1,25.3,1.3,-88.24354601841094,132.66,326.55,293.0,3170.0,27.0
United Kingdom,41855,92.63,11.0,1.2,2.2,0.93,8.54,49.0,0.27,59.3,6.3,0.4,1.8,4.3,11.0,23656.0,345.0,34.8,4620.0,6.9,1.65,35.2,27.8,0.97,40.6,78.9,14284.0,0.58,81.4,79.6,160.28223355505634,79.15872896142413,31.5,5.5,57.2,232.2,1454.85,188000.0,3450.0,8.45
United States,65134,191.97,10.0,5.0,3.7,0.93,7.92,47.0,0.69,69.0,1.1,1.2,36.0,6.5,8.651697628495143,15080.0,102.0,41.4,10624.0,14.5,1.71,32.3,36.2,0.96,38.5,76.8,35922.0,0.71,78.4,124.8,639.0,75.88634771427952,28.0,5.0,17.7,254.69,1292.61,275232.0,3800.0,8.55
Uruguay,16190,53.88,11.0,12.1,1.5088183144093772,0.82,8.61,61.418114640301695,0.41,58.1,0.1,0.1,0.11,7.1,13.0,6103.0,50.0,39.7,2169.0,18.8,1.96,39.0,27.9,0.68,35.5,68.6,0.0,0.36,77.1,98.6,337.0,97.1,24.0,4.9,56.50315652722179,210.54,247.01,3231.0,2840.0,17.55
Uzbekistan,1756,39.2,3.0,1.1,7.347239263693108,0.72,2.12,3.641889956807603,0.59,2.6,88.7,0.1,0.02,17.4,13.0,862.0,24.0,35.3,459.0,8.3,2.79,16.1,16.6,0.51,30.1,53.3,1682.0,1.41,73.0,20.7,68.0,99.8,22.4,6.3,49.27004489024932,130.81,10.9,1003.0,2560.0,12.05
Vanuatu,3023,61.11563057395517,1.0,13.330400540467885,0.7025091604340171,0.61,5.576666799744457,30.345494390553085,0.8321351234107652,77.75469179547429,0.1,0.1,3.560510866877241,25.9,10.0,3095.0,27.0,43.253369120285164,109.0,21.0,3.77,32.1,25.2,0.24,23.0,56.4,0.0,2.1,65.3,32.6,72.0,44.2,20.8,4.7,55.95883205249174,25.21,20.5,4023.218884446527,2950.0,23.95
Venezuela,4733,-69.72976371415831,6.0,36.7,0.7551141101224328,0.71,2.76,10.74282033041979,0.79,88.0,0.4,0.1,0.04,24.2,10.900369283936497,10.32,23.0,46.9,384.0,2.1,2.25,19.74152356201067,25.6,0.71,30.0,25.9,18821.0,1.26,73.9,56.6,134.0,88.1,22.7,3.6,218.96611320110992,117.79,22.12,2275.0,2650.0,25.35
Viet Nam,2715,66.38,8.0,1.5,-0.3953224032780187,0.7,2.94,27.671593260439835,0.3,8.2,0.1,16.4,1.4422247530809855,19.9,14.0,1437.0,26.0,35.7,440.0,7.2,2.05,41.21993577656285,2.1,0.71,31.9,55.3,3194.0,1.0,73.7,28.6,128.0,76.9,22.8,4.3,16.6,16.36,44.86,24589.0,2780.0,24.45
Yemen,855,119.86614589069347,0.0,6.8,8.44459327665129,0.47,1.95,-31.830558790385453,0.99,0.01,99.2,0.1,-3.3459645176546573,58.4,7.0,1158.3710843155313,21.0,36.7,678.4641480963919,7.1,3.7,30.9,17.1,0.27,19.8,53.95262507187811,797.0,2.33,66.6,14.7,53.0,13.7,23.0,5.2,1294.0,43.97,4.81,-16974.556414044717,2050.0,23.85
Zambia,1292,26.962268223132355,5.0,5.4,-0.06048074883418292,0.58,4.86,35.55461043950186,0.95,95.5,1.0,0.1,7.194154542825622,61.7,8.0,925.0,45.0,57.1,208.0,14.4,4.56,19.9,8.1,0.27,16.9,53.6,0.0,2.97,62.5,11.9,123.0,52.3,18.7,1.3,-0.37650435314287733,9.71,12.28,50518.35283926923,1880.0,21.4
Zimbabwe,1464,59.69035639417416,5.0,7.5,4.7764288335715,0.57,3.16,-13.901928186305355,0.88,87.0,0.7,0.1,0.0,54.6,7.0,2198.3578809558203,77.0,44.3,198.0,23.6,3.53,18.3,15.5,0.31,20.5,40.4,0.0,2.28,60.7,15.2,127.0,81.1,19.9,6.1,848.0,31.9,24.86,232.0,2210.0,21.0
